country,area_ha,extent_2000_ha,extent_2010_ha,gain_2000-2012_ha,Year,Tree_Cover_Loss_ha
India,315279651,38830351,34435273,255071,2001,62361
India,315279651,38830351,34435273,255071,2002,53005
India,315279651,38830351,34435273,255071,2003,47751
India,315279651,38830351,34435273,255071,2004,74129
India,315279651,38830351,34435273,255071,2005,62505
India,315279651,38830351,34435273,255071,2006,67411
India,315279651,38830351,34435273,255071,2007,73907
India,315279651,38830351,34435273,255071,2008,85953
India,315279651,38830351,34435273,255071,2009,79203
India,315279651,38830351,34435273,255071,2010,51317
India,315279651,38830351,34435273,255071,2011,88460
India,315279651,38830351,34435273,255071,2012,95069
India,315279651,38830351,34435273,255071,2013,80866
India,315279651,38830351,34435273,255071,2014,139138
India,315279651,38830351,34435273,255071,2015,116308
India,315279651,38830351,34435273,255071,2016,175362
India,315279651,38830351,34435273,255071,2017,189421
India,315279651,38830351,34435273,255071,2018,132233
India,315279651,38830351,34435273,255071,2019,121154
India,315279651,38830351,34435273,255071,2020,137716
