country,subnational1,area_ha,extent_2000_ha,extent_2010_ha,gain_2000-2012_ha,Year,Tree_Cover_Loss_ha
India,Andaman and Nicobar,761084,684402,679440,5845,2001,1410
India,Andhra Pradesh,16004980,1105912,999013,2545,2001,836
India,Arunachal Pradesh,8199543,6307313,6112509,47843,2001,8592
India,Assam,7849232,2750134,2565500,29870,2001,6662
India,Bihar,9423241,153842,205561,1020,2001,142
India,Chandigarh,11812,702,935,10,2001,0
India,Chhattisgarh,13543155,2663574,2284394,829,2001,2622
India,Dadra and Nagar Haveli,49152,457,259,0,2001,0
India,Daman and Diu,8354,18,3,0,2001,0
India,Goa,369568,146466,116826,89,2001,7
India,Gujarat,18572011,17927,7023,9,2001,10
India,Haryana,4402448,42647,40007,122,2001,25
India,Himachal Pradesh,5560349,1367108,1147923,1177,2001,344
India,Jammu and Kashmir,10566005,1073020,872419,673,2001,99
India,Jharkhand,8003988,556330,316745,491,2001,645
India,Karnataka,19137912,2276202,1881782,5075,2001,1751
India,Kerala,3770052,2598221,2276879,13380,2001,744
India,Lakshadweep,3482,0,0,0,2001,0
India,Madhya Pradesh,30805387,1078084,866764,389,2001,631
India,Maharashtra,30733885,1073403,879200,221,2001,954
India,Manipur,2232073,1703677,1708038,33780,2001,4335
India,Meghalaya,2251620,1683888,1592783,19134,2001,4629
India,Mizoram,2125175,1931959,1810236,26285,2001,4955
India,NCT of Delhi,150220,263,122,2,2001,0
India,Nagaland,1659962,1310344,1316867,43967,2001,12333
India,Odisha,15563805,2680194,1916558,4321,2001,2977
India,Puducherry,54733,6911,5557,11,2001,1
India,Punjab,5022577,74700,69345,332,2001,102
India,Rajasthan,34190098,12039,4116,81,2001,14
India,Sikkim,708307,250451,253761,70,2001,36
India,Tamil Nadu,13028087,1230520,998607,5440,2001,2152
India,Telangana,11471211,663616,503343,353,2001,1024
India,Tripura,1053626,669293,569718,1178,2001,3090
India,Uttar Pradesh,24075139,359975,369931,2433,2001,522
India,Uttarakhand,5380852,1948840,1731225,6052,2001,330
India,West Bengal,8536526,407919,331883,2044,2001,387
India,Andaman and Nicobar,761084,684402,679440,5845,2002,1886
India,Andhra Pradesh,16004980,1105912,999013,2545,2002,676
India,Arunachal Pradesh,8199543,6307313,6112509,47843,2002,7001
India,Assam,7849232,2750134,2565500,29870,2002,8055
India,Bihar,9423241,153842,205561,1020,2002,40
India,Chandigarh,11812,702,935,10,2002,0
India,Chhattisgarh,13543155,2663574,2284394,829,2002,2031
India,Dadra and Nagar Haveli,49152,457,259,0,2002,0
India,Daman and Diu,8354,18,3,0,2002,0
India,Goa,369568,146466,116826,89,2002,5
India,Gujarat,18572011,17927,7023,9,2002,2
India,Haryana,4402448,42647,40007,122,2002,15
India,Himachal Pradesh,5560349,1367108,1147923,1177,2002,338
India,Jammu and Kashmir,10566005,1073020,872419,673,2002,400
India,Jharkhand,8003988,556330,316745,491,2002,90
India,Karnataka,19137912,2276202,1881782,5075,2002,1008
India,Kerala,3770052,2598221,2276879,13380,2002,1031
India,Lakshadweep,3482,0,0,0,2002,0
India,Madhya Pradesh,30805387,1078084,866764,389,2002,386
India,Maharashtra,30733885,1073403,879200,221,2002,688
India,Manipur,2232073,1703677,1708038,33780,2002,4239
India,Meghalaya,2251620,1683888,1592783,19134,2002,3687
India,Mizoram,2125175,1931959,1810236,26285,2002,4465
India,NCT of Delhi,150220,263,122,2,2002,0
India,Nagaland,1659962,1310344,1316867,43967,2002,7759
India,Odisha,15563805,2680194,1916558,4321,2002,3976
India,Puducherry,54733,6911,5557,11,2002,2
India,Punjab,5022577,74700,69345,332,2002,80
India,Rajasthan,34190098,12039,4116,81,2002,17
India,Sikkim,708307,250451,253761,70,2002,9
India,Tamil Nadu,13028087,1230520,998607,5440,2002,1177
India,Telangana,11471211,663616,503343,353,2002,1011
India,Tripura,1053626,669293,569718,1178,2002,1888
India,Uttar Pradesh,24075139,359975,369931,2433,2002,147
India,Uttarakhand,5380852,1948840,1731225,6052,2002,535
India,West Bengal,8536526,407919,331883,2044,2002,359
India,Andaman and Nicobar,761084,684402,679440,5845,2003,1631
India,Andhra Pradesh,16004980,1105912,999013,2545,2003,1500
India,Arunachal Pradesh,8199543,6307313,6112509,47843,2003,6404
India,Assam,7849232,2750134,2565500,29870,2003,5467
India,Bihar,9423241,153842,205561,1020,2003,30
India,Chandigarh,11812,702,935,10,2003,0
India,Chhattisgarh,13543155,2663574,2284394,829,2003,1288
India,Dadra and Nagar Haveli,49152,457,259,0,2003,0
India,Daman and Diu,8354,18,3,0,2003,0
India,Goa,369568,146466,116826,89,2003,11
India,Gujarat,18572011,17927,7023,9,2003,2
India,Haryana,4402448,42647,40007,122,2003,16
India,Himachal Pradesh,5560349,1367108,1147923,1177,2003,88
India,Jammu and Kashmir,10566005,1073020,872419,673,2003,162
India,Jharkhand,8003988,556330,316745,491,2003,41
India,Karnataka,19137912,2276202,1881782,5075,2003,1227
India,Kerala,3770052,2598221,2276879,13380,2003,1778
India,Lakshadweep,3482,0,0,0,2003,0
India,Madhya Pradesh,30805387,1078084,866764,389,2003,346
India,Maharashtra,30733885,1073403,879200,221,2003,519
India,Manipur,2232073,1703677,1708038,33780,2003,4828
India,Meghalaya,2251620,1683888,1592783,19134,2003,2234
India,Mizoram,2125175,1931959,1810236,26285,2003,3889
India,NCT of Delhi,150220,263,122,2,2003,0
India,Nagaland,1659962,1310344,1316867,43967,2003,7162
India,Odisha,15563805,2680194,1916558,4321,2003,5382
India,Puducherry,54733,6911,5557,11,2003,1
India,Punjab,5022577,74700,69345,332,2003,85
India,Rajasthan,34190098,12039,4116,81,2003,14
India,Sikkim,708307,250451,253761,70,2003,15
India,Tamil Nadu,13028087,1230520,998607,5440,2003,587
India,Telangana,11471211,663616,503343,353,2003,1258
India,Tripura,1053626,669293,569718,1178,2003,1216
India,Uttar Pradesh,24075139,359975,369931,2433,2003,105
India,Uttarakhand,5380852,1948840,1731225,6052,2003,269
India,West Bengal,8536526,407919,331883,2044,2003,194
India,Andaman and Nicobar,761084,684402,679440,5845,2004,211
India,Andhra Pradesh,16004980,1105912,999013,2545,2004,1298
India,Arunachal Pradesh,8199543,6307313,6112509,47843,2004,12793
India,Assam,7849232,2750134,2565500,29870,2004,12846
India,Bihar,9423241,153842,205561,1020,2004,72
India,Chandigarh,11812,702,935,10,2004,1
India,Chhattisgarh,13543155,2663574,2284394,829,2004,2282
India,Dadra and Nagar Haveli,49152,457,259,0,2004,0
India,Daman and Diu,8354,18,3,0,2004,0
India,Goa,369568,146466,116826,89,2004,14
India,Gujarat,18572011,17927,7023,9,2004,4
India,Haryana,4402448,42647,40007,122,2004,50
India,Himachal Pradesh,5560349,1367108,1147923,1177,2004,716
India,Jammu and Kashmir,10566005,1073020,872419,673,2004,890
India,Jharkhand,8003988,556330,316745,491,2004,183
India,Karnataka,19137912,2276202,1881782,5075,2004,1381
India,Kerala,3770052,2598221,2276879,13380,2004,1580
India,Lakshadweep,3482,0,0,0,2004,0
India,Madhya Pradesh,30805387,1078084,866764,389,2004,527
India,Maharashtra,30733885,1073403,879200,221,2004,1547
India,Manipur,2232073,1703677,1708038,33780,2004,5252
India,Meghalaya,2251620,1683888,1592783,19134,2004,5798
India,Mizoram,2125175,1931959,1810236,26285,2004,5071
India,NCT of Delhi,150220,263,122,2,2004,1
India,Nagaland,1659962,1310344,1316867,43967,2004,9845
India,Odisha,15563805,2680194,1916558,4321,2004,4462
India,Puducherry,54733,6911,5557,11,2004,2
India,Punjab,5022577,74700,69345,332,2004,113
India,Rajasthan,34190098,12039,4116,81,2004,25
India,Sikkim,708307,250451,253761,70,2004,57
India,Tamil Nadu,13028087,1230520,998607,5440,2004,1268
India,Telangana,11471211,663616,503343,353,2004,1318
India,Tripura,1053626,669293,569718,1178,2004,2900
India,Uttar Pradesh,24075139,359975,369931,2433,2004,254
India,Uttarakhand,5380852,1948840,1731225,6052,2004,800
India,West Bengal,8536526,407919,331883,2044,2004,570
India,Andaman and Nicobar,761084,684402,679440,5845,2005,3539
India,Andhra Pradesh,16004980,1105912,999013,2545,2005,1181
India,Arunachal Pradesh,8199543,6307313,6112509,47843,2005,8847
India,Assam,7849232,2750134,2565500,29870,2005,8258
India,Bihar,9423241,153842,205561,1020,2005,105
India,Chandigarh,11812,702,935,10,2005,1
India,Chhattisgarh,13543155,2663574,2284394,829,2005,2415
India,Dadra and Nagar Haveli,49152,457,259,0,2005,0
India,Daman and Diu,8354,18,3,0,2005,0
India,Goa,369568,146466,116826,89,2005,39
India,Gujarat,18572011,17927,7023,9,2005,5
India,Haryana,4402448,42647,40007,122,2005,24
India,Himachal Pradesh,5560349,1367108,1147923,1177,2005,332
India,Jammu and Kashmir,10566005,1073020,872419,673,2005,168
India,Jharkhand,8003988,556330,316745,491,2005,287
India,Karnataka,19137912,2276202,1881782,5075,2005,2246
India,Kerala,3770052,2598221,2276879,13380,2005,1458
India,Lakshadweep,3482,0,0,0,2005,0
India,Madhya Pradesh,30805387,1078084,866764,389,2005,697
India,Maharashtra,30733885,1073403,879200,221,2005,887
India,Manipur,2232073,1703677,1708038,33780,2005,4859
India,Meghalaya,2251620,1683888,1592783,19134,2005,4320
India,Mizoram,2125175,1931959,1810236,26285,2005,4890
India,NCT of Delhi,150220,263,122,2,2005,1
India,Nagaland,1659962,1310344,1316867,43967,2005,8864
India,Odisha,15563805,2680194,1916558,4321,2005,3602
India,Puducherry,54733,6911,5557,11,2005,5
India,Punjab,5022577,74700,69345,332,2005,143
India,Rajasthan,34190098,12039,4116,81,2005,20
India,Sikkim,708307,250451,253761,70,2005,26
India,Tamil Nadu,13028087,1230520,998607,5440,2005,986
India,Telangana,11471211,663616,503343,353,2005,1483
India,Tripura,1053626,669293,569718,1178,2005,1493
India,Uttar Pradesh,24075139,359975,369931,2433,2005,244
India,Uttarakhand,5380852,1948840,1731225,6052,2005,631
India,West Bengal,8536526,407919,331883,2044,2005,447
India,Andaman and Nicobar,761084,684402,679440,5845,2006,818
India,Andhra Pradesh,16004980,1105912,999013,2545,2006,1414
India,Arunachal Pradesh,8199543,6307313,6112509,47843,2006,9793
India,Assam,7849232,2750134,2565500,29870,2006,9071
India,Bihar,9423241,153842,205561,1020,2006,68
India,Chandigarh,11812,702,935,10,2006,5
India,Chhattisgarh,13543155,2663574,2284394,829,2006,2395
India,Dadra and Nagar Haveli,49152,457,259,0,2006,0
India,Daman and Diu,8354,18,3,0,2006,0
India,Goa,369568,146466,116826,89,2006,30
India,Gujarat,18572011,17927,7023,9,2006,4
India,Haryana,4402448,42647,40007,122,2006,42
India,Himachal Pradesh,5560349,1367108,1147923,1177,2006,204
India,Jammu and Kashmir,10566005,1073020,872419,673,2006,519
India,Jharkhand,8003988,556330,316745,491,2006,475
India,Karnataka,19137912,2276202,1881782,5075,2006,1130
India,Kerala,3770052,2598221,2276879,13380,2006,1885
India,Lakshadweep,3482,0,0,0,2006,0
India,Madhya Pradesh,30805387,1078084,866764,389,2006,839
India,Maharashtra,30733885,1073403,879200,221,2006,809
India,Manipur,2232073,1703677,1708038,33780,2006,5354
India,Meghalaya,2251620,1683888,1592783,19134,2006,5272
India,Mizoram,2125175,1931959,1810236,26285,2006,3795
India,NCT of Delhi,150220,263,122,2,2006,1
India,Nagaland,1659962,1310344,1316867,43967,2006,7045
India,Odisha,15563805,2680194,1916558,4321,2006,4226
India,Puducherry,54733,6911,5557,11,2006,2
India,Punjab,5022577,74700,69345,332,2006,87
India,Rajasthan,34190098,12039,4116,81,2006,12
India,Sikkim,708307,250451,253761,70,2006,11
India,Tamil Nadu,13028087,1230520,998607,5440,2006,1675
India,Telangana,11471211,663616,503343,353,2006,1975
India,Tripura,1053626,669293,569718,1178,2006,6144
India,Uttar Pradesh,24075139,359975,369931,2433,2006,382
India,Uttarakhand,5380852,1948840,1731225,6052,2006,1148
India,West Bengal,8536526,407919,331883,2044,2006,777
India,Andaman and Nicobar,761084,684402,679440,5845,2007,794
India,Andhra Pradesh,16004980,1105912,999013,2545,2007,1809
India,Arunachal Pradesh,8199543,6307313,6112509,47843,2007,9572
India,Assam,7849232,2750134,2565500,29870,2007,12132
India,Bihar,9423241,153842,205561,1020,2007,48
India,Chandigarh,11812,702,935,10,2007,3
India,Chhattisgarh,13543155,2663574,2284394,829,2007,2096
India,Dadra and Nagar Haveli,49152,457,259,0,2007,0
India,Daman and Diu,8354,18,3,0,2007,0
India,Goa,369568,146466,116826,89,2007,55
India,Gujarat,18572011,17927,7023,9,2007,7
India,Haryana,4402448,42647,40007,122,2007,44
India,Himachal Pradesh,5560349,1367108,1147923,1177,2007,358
India,Jammu and Kashmir,10566005,1073020,872419,673,2007,220
India,Jharkhand,8003988,556330,316745,491,2007,239
India,Karnataka,19137912,2276202,1881782,5075,2007,4145
India,Kerala,3770052,2598221,2276879,13380,2007,4344
India,Lakshadweep,3482,0,0,0,2007,0
India,Madhya Pradesh,30805387,1078084,866764,389,2007,527
India,Maharashtra,30733885,1073403,879200,221,2007,842
India,Manipur,2232073,1703677,1708038,33780,2007,4275
India,Meghalaya,2251620,1683888,1592783,19134,2007,6651
India,Mizoram,2125175,1931959,1810236,26285,2007,1681
India,NCT of Delhi,150220,263,122,2,2007,3
India,Nagaland,1659962,1310344,1316867,43967,2007,4974
India,Odisha,15563805,2680194,1916558,4321,2007,5886
India,Puducherry,54733,6911,5557,11,2007,14
India,Punjab,5022577,74700,69345,332,2007,99
India,Rajasthan,34190098,12039,4116,81,2007,37
India,Sikkim,708307,250451,253761,70,2007,97
India,Tamil Nadu,13028087,1230520,998607,5440,2007,1769
India,Telangana,11471211,663616,503343,353,2007,2552
India,Tripura,1053626,669293,569718,1178,2007,5763
India,Uttar Pradesh,24075139,359975,369931,2433,2007,353
India,Uttarakhand,5380852,1948840,1731225,6052,2007,1014
India,West Bengal,8536526,407919,331883,2044,2007,1503
India,Andaman and Nicobar,761084,684402,679440,5845,2008,1738
India,Andhra Pradesh,16004980,1105912,999013,2545,2008,2792
India,Arunachal Pradesh,8199543,6307313,6112509,47843,2008,11005
India,Assam,7849232,2750134,2565500,29870,2008,15860
India,Bihar,9423241,153842,205561,1020,2008,87
India,Chandigarh,11812,702,935,10,2008,2
India,Chhattisgarh,13543155,2663574,2284394,829,2008,1932
India,Dadra and Nagar Haveli,49152,457,259,0,2008,0
India,Daman and Diu,8354,18,3,0,2008,0
India,Goa,369568,146466,116826,89,2008,70
India,Gujarat,18572011,17927,7023,9,2008,19
India,Haryana,4402448,42647,40007,122,2008,25
India,Himachal Pradesh,5560349,1367108,1147923,1177,2008,258
India,Jammu and Kashmir,10566005,1073020,872419,673,2008,267
India,Jharkhand,8003988,556330,316745,491,2008,344
India,Karnataka,19137912,2276202,1881782,5075,2008,2455
India,Kerala,3770052,2598221,2276879,13380,2008,3076
India,Lakshadweep,3482,0,0,0,2008,0
India,Madhya Pradesh,30805387,1078084,866764,389,2008,555
India,Maharashtra,30733885,1073403,879200,221,2008,940
India,Manipur,2232073,1703677,1708038,33780,2008,5885
India,Meghalaya,2251620,1683888,1592783,19134,2008,7292
India,Mizoram,2125175,1931959,1810236,26285,2008,3831
India,NCT of Delhi,150220,263,122,2,2008,3
India,Nagaland,1659962,1310344,1316867,43967,2008,6539
India,Odisha,15563805,2680194,1916558,4321,2008,5939
India,Puducherry,54733,6911,5557,11,2008,16
India,Punjab,5022577,74700,69345,332,2008,89
India,Rajasthan,34190098,12039,4116,81,2008,35
India,Sikkim,708307,250451,253761,70,2008,121
India,Tamil Nadu,13028087,1230520,998607,5440,2008,1350
India,Telangana,11471211,663616,503343,353,2008,4700
India,Tripura,1053626,669293,569718,1178,2008,5246
India,Uttar Pradesh,24075139,359975,369931,2433,2008,240
India,Uttarakhand,5380852,1948840,1731225,6052,2008,1709
India,West Bengal,8536526,407919,331883,2044,2008,1534
India,Andaman and Nicobar,761084,684402,679440,5845,2009,838
India,Andhra Pradesh,16004980,1105912,999013,2545,2009,2552
India,Arunachal Pradesh,8199543,6307313,6112509,47843,2009,9071
India,Assam,7849232,2750134,2565500,29870,2009,15886
India,Bihar,9423241,153842,205561,1020,2009,260
India,Chandigarh,11812,702,935,10,2009,1
India,Chhattisgarh,13543155,2663574,2284394,829,2009,2149
India,Dadra and Nagar Haveli,49152,457,259,0,2009,0
India,Daman and Diu,8354,18,3,0,2009,0
India,Goa,369568,146466,116826,89,2009,62
India,Gujarat,18572011,17927,7023,9,2009,8
India,Haryana,4402448,42647,40007,122,2009,51
India,Himachal Pradesh,5560349,1367108,1147923,1177,2009,429
India,Jammu and Kashmir,10566005,1073020,872419,673,2009,249
India,Jharkhand,8003988,556330,316745,491,2009,843
India,Karnataka,19137912,2276202,1881782,5075,2009,2286
India,Kerala,3770052,2598221,2276879,13380,2009,1048
India,Lakshadweep,3482,0,0,0,2009,0
India,Madhya Pradesh,30805387,1078084,866764,389,2009,508
India,Maharashtra,30733885,1073403,879200,221,2009,1599
India,Manipur,2232073,1703677,1708038,33780,2009,6180
India,Meghalaya,2251620,1683888,1592783,19134,2009,5184
India,Mizoram,2125175,1931959,1810236,26285,2009,4370
India,NCT of Delhi,150220,263,122,2,2009,1
India,Nagaland,1659962,1310344,1316867,43967,2009,7250
India,Odisha,15563805,2680194,1916558,4321,2009,4790
India,Puducherry,54733,6911,5557,11,2009,8
India,Punjab,5022577,74700,69345,332,2009,84
India,Rajasthan,34190098,12039,4116,81,2009,33
India,Sikkim,708307,250451,253761,70,2009,137
India,Tamil Nadu,13028087,1230520,998607,5440,2009,467
India,Telangana,11471211,663616,503343,353,2009,5680
India,Tripura,1053626,669293,569718,1178,2009,4980
India,Uttar Pradesh,24075139,359975,369931,2433,2009,349
India,Uttarakhand,5380852,1948840,1731225,6052,2009,951
India,West Bengal,8536526,407919,331883,2044,2009,897
India,Andaman and Nicobar,761084,684402,679440,5845,2010,775
India,Andhra Pradesh,16004980,1105912,999013,2545,2010,1012
India,Arunachal Pradesh,8199543,6307313,6112509,47843,2010,5928
India,Assam,7849232,2750134,2565500,29870,2010,10445
India,Bihar,9423241,153842,205561,1020,2010,113
India,Chandigarh,11812,702,935,10,2010,0
India,Chhattisgarh,13543155,2663574,2284394,829,2010,1346
India,Dadra and Nagar Haveli,49152,457,259,0,2010,0
India,Daman and Diu,8354,18,3,0,2010,0
India,Goa,369568,146466,116826,89,2010,5
India,Gujarat,18572011,17927,7023,9,2010,4
India,Haryana,4402448,42647,40007,122,2010,40
India,Himachal Pradesh,5560349,1367108,1147923,1177,2010,219
India,Jammu and Kashmir,10566005,1073020,872419,673,2010,288
India,Jharkhand,8003988,556330,316745,491,2010,381
India,Karnataka,19137912,2276202,1881782,5075,2010,898
India,Kerala,3770052,2598221,2276879,13380,2010,204
India,Lakshadweep,3482,0,0,0,2010,0
India,Madhya Pradesh,30805387,1078084,866764,389,2010,202
India,Maharashtra,30733885,1073403,879200,221,2010,423
India,Manipur,2232073,1703677,1708038,33780,2010,4330
India,Meghalaya,2251620,1683888,1592783,19134,2010,6631
India,Mizoram,2125175,1931959,1810236,26285,2010,2997
India,NCT of Delhi,150220,263,122,2,2010,1
India,Nagaland,1659962,1310344,1316867,43967,2010,4820
India,Odisha,15563805,2680194,1916558,4321,2010,2394
India,Puducherry,54733,6911,5557,11,2010,2
India,Punjab,5022577,74700,69345,332,2010,115
India,Rajasthan,34190098,12039,4116,81,2010,7
India,Sikkim,708307,250451,253761,70,2010,79
India,Tamil Nadu,13028087,1230520,998607,5440,2010,103
India,Telangana,11471211,663616,503343,353,2010,1274
India,Tripura,1053626,669293,569718,1178,2010,3331
India,Uttar Pradesh,24075139,359975,369931,2433,2010,228
India,Uttarakhand,5380852,1948840,1731225,6052,2010,701
India,West Bengal,8536526,407919,331883,2044,2010,2021
India,Andaman and Nicobar,761084,684402,679440,5845,2011,98
India,Andhra Pradesh,16004980,1105912,999013,2545,2011,3264
India,Arunachal Pradesh,8199543,6307313,6112509,47843,2011,12445
India,Assam,7849232,2750134,2565500,29870,2011,14324
India,Bihar,9423241,153842,205561,1020,2011,64
India,Chandigarh,11812,702,935,10,2011,0
India,Chhattisgarh,13543155,2663574,2284394,829,2011,7079
India,Dadra and Nagar Haveli,49152,457,259,0,2011,0
India,Daman and Diu,8354,18,3,0,2011,0
India,Goa,369568,146466,116826,89,2011,112
India,Gujarat,18572011,17927,7023,9,2011,9
India,Haryana,4402448,42647,40007,122,2011,18
India,Himachal Pradesh,5560349,1367108,1147923,1177,2011,53
India,Jammu and Kashmir,10566005,1073020,872419,673,2011,80
India,Jharkhand,8003988,556330,316745,491,2011,188
India,Karnataka,19137912,2276202,1881782,5075,2011,1745
India,Kerala,3770052,2598221,2276879,13380,2011,4909
India,Lakshadweep,3482,0,0,0,2011,0
India,Madhya Pradesh,30805387,1078084,866764,389,2011,803
India,Maharashtra,30733885,1073403,879200,221,2011,2022
India,Manipur,2232073,1703677,1708038,33780,2011,6288
India,Meghalaya,2251620,1683888,1592783,19134,2011,5699
India,Mizoram,2125175,1931959,1810236,26285,2011,3349
India,NCT of Delhi,150220,263,122,2,2011,0
India,Nagaland,1659962,1310344,1316867,43967,2011,6749
India,Odisha,15563805,2680194,1916558,4321,2011,5593
India,Puducherry,54733,6911,5557,11,2011,5
India,Punjab,5022577,74700,69345,332,2011,48
India,Rajasthan,34190098,12039,4116,81,2011,19
India,Sikkim,708307,250451,253761,70,2011,291
India,Tamil Nadu,13028087,1230520,998607,5440,2011,1298
India,Telangana,11471211,663616,503343,353,2011,7144
India,Tripura,1053626,669293,569718,1178,2011,2522
India,Uttar Pradesh,24075139,359975,369931,2433,2011,483
India,Uttarakhand,5380852,1948840,1731225,6052,2011,811
India,West Bengal,8536526,407919,331883,2044,2011,946
India,Andaman and Nicobar,761084,684402,679440,5845,2012,692
India,Andhra Pradesh,16004980,1105912,999013,2545,2012,1355
India,Arunachal Pradesh,8199543,6307313,6112509,47843,2012,14346
India,Assam,7849232,2750134,2565500,29870,2012,16660
India,Bihar,9423241,153842,205561,1020,2012,98
India,Chandigarh,11812,702,935,10,2012,0
India,Chhattisgarh,13543155,2663574,2284394,829,2012,3350
India,Dadra and Nagar Haveli,49152,457,259,0,2012,0
India,Daman and Diu,8354,18,3,0,2012,0
India,Goa,369568,146466,116826,89,2012,35
India,Gujarat,18572011,17927,7023,9,2012,15
India,Haryana,4402448,42647,40007,122,2012,48
India,Himachal Pradesh,5560349,1367108,1147923,1177,2012,717
India,Jammu and Kashmir,10566005,1073020,872419,673,2012,399
India,Jharkhand,8003988,556330,316745,491,2012,332
India,Karnataka,19137912,2276202,1881782,5075,2012,2546
India,Kerala,3770052,2598221,2276879,13380,2012,3787
India,Lakshadweep,3482,0,0,0,2012,0
India,Madhya Pradesh,30805387,1078084,866764,389,2012,401
India,Maharashtra,30733885,1073403,879200,221,2012,1223
India,Manipur,2232073,1703677,1708038,33780,2012,8796
India,Meghalaya,2251620,1683888,1592783,19134,2012,5874
India,Mizoram,2125175,1931959,1810236,26285,2012,6810
India,NCT of Delhi,150220,263,122,2,2012,1
India,Nagaland,1659962,1310344,1316867,43967,2012,11113
India,Odisha,15563805,2680194,1916558,4321,2012,3779
India,Puducherry,54733,6911,5557,11,2012,4
India,Punjab,5022577,74700,69345,332,2012,138
India,Rajasthan,34190098,12039,4116,81,2012,18
India,Sikkim,708307,250451,253761,70,2012,84
India,Tamil Nadu,13028087,1230520,998607,5440,2012,1695
India,Telangana,11471211,663616,503343,353,2012,5630
India,Tripura,1053626,669293,569718,1178,2012,2082
India,Uttar Pradesh,24075139,359975,369931,2433,2012,446
India,Uttarakhand,5380852,1948840,1731225,6052,2012,1364
India,West Bengal,8536526,407919,331883,2044,2012,1228
India,Andaman and Nicobar,761084,684402,679440,5845,2013,476
India,Andhra Pradesh,16004980,1105912,999013,2545,2013,1120
India,Arunachal Pradesh,8199543,6307313,6112509,47843,2013,9269
India,Assam,7849232,2750134,2565500,29870,2013,8973
India,Bihar,9423241,153842,205561,1020,2013,13
India,Chandigarh,11812,702,935,10,2013,0
India,Chhattisgarh,13543155,2663574,2284394,829,2013,1521
India,Dadra and Nagar Haveli,49152,457,259,0,2013,0
India,Daman and Diu,8354,18,3,0,2013,0
India,Goa,369568,146466,116826,89,2013,19
India,Gujarat,18572011,17927,7023,9,2013,4
India,Haryana,4402448,42647,40007,122,2013,2
India,Himachal Pradesh,5560349,1367108,1147923,1177,2013,65
India,Jammu and Kashmir,10566005,1073020,872419,673,2013,28
India,Jharkhand,8003988,556330,316745,491,2013,133
India,Karnataka,19137912,2276202,1881782,5075,2013,2119
India,Kerala,3770052,2598221,2276879,13380,2013,2800
India,Lakshadweep,3482,0,0,0,2013,0
India,Madhya Pradesh,30805387,1078084,866764,389,2013,374
India,Maharashtra,30733885,1073403,879200,221,2013,466
India,Manipur,2232073,1703677,1708038,33780,2013,12432
India,Meghalaya,2251620,1683888,1592783,19134,2013,8432
India,Mizoram,2125175,1931959,1810236,26285,2013,10327
India,NCT of Delhi,150220,263,122,2,2013,0
India,Nagaland,1659962,1310344,1316867,43967,2013,11716
India,Odisha,15563805,2680194,1916558,4321,2013,5353
India,Puducherry,54733,6911,5557,11,2013,5
India,Punjab,5022577,74700,69345,332,2013,17
India,Rajasthan,34190098,12039,4116,81,2013,0
India,Sikkim,708307,250451,253761,70,2013,22
India,Tamil Nadu,13028087,1230520,998607,5440,2013,643
India,Telangana,11471211,663616,503343,353,2013,1015
India,Tripura,1053626,669293,569718,1178,2013,2661
India,Uttar Pradesh,24075139,359975,369931,2433,2013,63
India,Uttarakhand,5380852,1948840,1731225,6052,2013,468
India,West Bengal,8536526,407919,331883,2044,2013,331
India,Andaman and Nicobar,761084,684402,679440,5845,2014,1358
India,Andhra Pradesh,16004980,1105912,999013,2545,2014,1905
India,Arunachal Pradesh,8199543,6307313,6112509,47843,2014,13033
India,Assam,7849232,2750134,2565500,29870,2014,22553
India,Bihar,9423241,153842,205561,1020,2014,12
India,Chandigarh,11812,702,935,10,2014,0
India,Chhattisgarh,13543155,2663574,2284394,829,2014,1729
India,Dadra and Nagar Haveli,49152,457,259,0,2014,0
India,Daman and Diu,8354,18,3,0,2014,0
India,Goa,369568,146466,116826,89,2014,24
India,Gujarat,18572011,17927,7023,9,2014,6
India,Haryana,4402448,42647,40007,122,2014,2
India,Himachal Pradesh,5560349,1367108,1147923,1177,2014,55
India,Jammu and Kashmir,10566005,1073020,872419,673,2014,41
India,Jharkhand,8003988,556330,316745,491,2014,142
India,Karnataka,19137912,2276202,1881782,5075,2014,2230
India,Kerala,3770052,2598221,2276879,13380,2014,3823
India,Lakshadweep,3482,0,0,0,2014,0
India,Madhya Pradesh,30805387,1078084,866764,389,2014,435
India,Maharashtra,30733885,1073403,879200,221,2014,828
India,Manipur,2232073,1703677,1708038,33780,2014,16592
India,Meghalaya,2251620,1683888,1592783,19134,2014,19099
India,Mizoram,2125175,1931959,1810236,26285,2014,17759
India,NCT of Delhi,150220,263,122,2,2014,0
India,Nagaland,1659962,1310344,1316867,43967,2014,19591
India,Odisha,15563805,2680194,1916558,4321,2014,7491
India,Puducherry,54733,6911,5557,11,2014,4
India,Punjab,5022577,74700,69345,332,2014,29
India,Rajasthan,34190098,12039,4116,81,2014,0
India,Sikkim,708307,250451,253761,70,2014,21
India,Tamil Nadu,13028087,1230520,998607,5440,2014,1023
India,Telangana,11471211,663616,503343,353,2014,2598
India,Tripura,1053626,669293,569718,1178,2014,5394
India,Uttar Pradesh,24075139,359975,369931,2433,2014,104
India,Uttarakhand,5380852,1948840,1731225,6052,2014,607
India,West Bengal,8536526,407919,331883,2044,2014,653
India,Andaman and Nicobar,761084,684402,679440,5845,2015,73
India,Andhra Pradesh,16004980,1105912,999013,2545,2015,1147
India,Arunachal Pradesh,8199543,6307313,6112509,47843,2015,12346
India,Assam,7849232,2750134,2565500,29870,2015,13450
India,Bihar,9423241,153842,205561,1020,2015,1
India,Chandigarh,11812,702,935,10,2015,0
India,Chhattisgarh,13543155,2663574,2284394,829,2015,1476
India,Dadra and Nagar Haveli,49152,457,259,0,2015,0
India,Daman and Diu,8354,18,3,0,2015,0
India,Goa,369568,146466,116826,89,2015,12
India,Gujarat,18572011,17927,7023,9,2015,0
India,Haryana,4402448,42647,40007,122,2015,0
India,Himachal Pradesh,5560349,1367108,1147923,1177,2015,13
India,Jammu and Kashmir,10566005,1073020,872419,673,2015,1
India,Jharkhand,8003988,556330,316745,491,2015,91
India,Karnataka,19137912,2276202,1881782,5075,2015,1480
India,Kerala,3770052,2598221,2276879,13380,2015,2710
India,Lakshadweep,3482,0,0,0,2015,0
India,Madhya Pradesh,30805387,1078084,866764,389,2015,271
India,Maharashtra,30733885,1073403,879200,221,2015,395
India,Manipur,2232073,1703677,1708038,33780,2015,15670
India,Meghalaya,2251620,1683888,1592783,19134,2015,17347
India,Mizoram,2125175,1931959,1810236,26285,2015,22109
India,NCT of Delhi,150220,263,122,2,2015,0
India,Nagaland,1659962,1310344,1316867,43967,2015,17451
India,Odisha,15563805,2680194,1916558,4321,2015,3867
India,Puducherry,54733,6911,5557,11,2015,3
India,Punjab,5022577,74700,69345,332,2015,2
India,Rajasthan,34190098,12039,4116,81,2015,0
India,Sikkim,708307,250451,253761,70,2015,6
India,Tamil Nadu,13028087,1230520,998607,5440,2015,1022
India,Telangana,11471211,663616,503343,353,2015,275
India,Tripura,1053626,669293,569718,1178,2015,4096
India,Uttar Pradesh,24075139,359975,369931,2433,2015,68
India,Uttarakhand,5380852,1948840,1731225,6052,2015,779
India,West Bengal,8536526,407919,331883,2044,2015,148
India,Andaman and Nicobar,761084,684402,679440,5845,2016,160
India,Andhra Pradesh,16004980,1105912,999013,2545,2016,2351
India,Arunachal Pradesh,8199543,6307313,6112509,47843,2016,18994
India,Assam,7849232,2750134,2565500,29870,2016,25390
India,Bihar,9423241,153842,205561,1020,2016,7
India,Chandigarh,11812,702,935,10,2016,0
India,Chhattisgarh,13543155,2663574,2284394,829,2016,2533
India,Dadra and Nagar Haveli,49152,457,259,0,2016,0
India,Daman and Diu,8354,18,3,0,2016,0
India,Goa,369568,146466,116826,89,2016,81
India,Gujarat,18572011,17927,7023,9,2016,0
India,Haryana,4402448,42647,40007,122,2016,1
India,Himachal Pradesh,5560349,1367108,1147923,1177,2016,14
India,Jammu and Kashmir,10566005,1073020,872419,673,2016,5
India,Jharkhand,8003988,556330,316745,491,2016,167
India,Karnataka,19137912,2276202,1881782,5075,2016,3310
India,Kerala,3770052,2598221,2276879,13380,2016,7187
India,Lakshadweep,3482,0,0,0,2016,0
India,Madhya Pradesh,30805387,1078084,866764,389,2016,386
India,Maharashtra,30733885,1073403,879200,221,2016,885
India,Manipur,2232073,1703677,1708038,33780,2016,21748
India,Meghalaya,2251620,1683888,1592783,19134,2016,21444
India,Mizoram,2125175,1931959,1810236,26285,2016,33606
India,NCT of Delhi,150220,263,122,2,2016,0
India,Nagaland,1659962,1310344,1316867,43967,2016,20453
India,Odisha,15563805,2680194,1916558,4321,2016,8340
India,Puducherry,54733,6911,5557,11,2016,27
India,Punjab,5022577,74700,69345,332,2016,1
India,Rajasthan,34190098,12039,4116,81,2016,0
India,Sikkim,708307,250451,253761,70,2016,47
India,Tamil Nadu,13028087,1230520,998607,5440,2016,1341
India,Telangana,11471211,663616,503343,353,2016,413
India,Tripura,1053626,669293,569718,1178,2016,5226
India,Uttar Pradesh,24075139,359975,369931,2433,2016,115
India,Uttarakhand,5380852,1948840,1731225,6052,2016,885
India,West Bengal,8536526,407919,331883,2044,2016,245
India,Andaman and Nicobar,761084,684402,679440,5845,2017,285
India,Andhra Pradesh,16004980,1105912,999013,2545,2017,2825
India,Arunachal Pradesh,8199543,6307313,6112509,47843,2017,19002
India,Assam,7849232,2750134,2565500,29870,2017,18009
India,Bihar,9423241,153842,205561,1020,2017,37
India,Chandigarh,11812,702,935,10,2017,0
India,Chhattisgarh,13543155,2663574,2284394,829,2017,1859
India,Dadra and Nagar Haveli,49152,457,259,0,2017,0
India,Daman and Diu,8354,18,3,0,2017,0
India,Goa,369568,146466,116826,89,2017,60
India,Gujarat,18572011,17927,7023,9,2017,0
India,Haryana,4402448,42647,40007,122,2017,0
India,Himachal Pradesh,5560349,1367108,1147923,1177,2017,85
India,Jammu and Kashmir,10566005,1073020,872419,673,2017,65
India,Jharkhand,8003988,556330,316745,491,2017,306
India,Karnataka,19137912,2276202,1881782,5075,2017,3060
India,Kerala,3770052,2598221,2276879,13380,2017,9722
India,Lakshadweep,3482,0,0,0,2017,0
India,Madhya Pradesh,30805387,1078084,866764,389,2017,274
India,Maharashtra,30733885,1073403,879200,221,2017,804
India,Manipur,2232073,1703677,1708038,33780,2017,19752
India,Meghalaya,2251620,1683888,1592783,19134,2017,23414
India,Mizoram,2125175,1931959,1810236,26285,2017,40992
India,NCT of Delhi,150220,263,122,2,2017,0
India,Nagaland,1659962,1310344,1316867,43967,2017,20558
India,Odisha,15563805,2680194,1916558,4321,2017,10130
India,Puducherry,54733,6911,5557,11,2017,9
India,Punjab,5022577,74700,69345,332,2017,0
India,Rajasthan,34190098,12039,4116,81,2017,0
India,Sikkim,708307,250451,253761,70,2017,59
India,Tamil Nadu,13028087,1230520,998607,5440,2017,1582
India,Telangana,11471211,663616,503343,353,2017,355
India,Tripura,1053626,669293,569718,1178,2017,14964
India,Uttar Pradesh,24075139,359975,369931,2433,2017,39
India,Uttarakhand,5380852,1948840,1731225,6052,2017,690
India,West Bengal,8536526,407919,331883,2044,2017,483
India,Andaman and Nicobar,761084,684402,679440,5845,2018,107
India,Andhra Pradesh,16004980,1105912,999013,2545,2018,2100
India,Arunachal Pradesh,8199543,6307313,6112509,47843,2018,11340
India,Assam,7849232,2750134,2565500,29870,2018,14803
India,Bihar,9423241,153842,205561,1020,2018,8
India,Chandigarh,11812,702,935,10,2018,0
India,Chhattisgarh,13543155,2663574,2284394,829,2018,2650
India,Dadra and Nagar Haveli,49152,457,259,0,2018,0
India,Daman and Diu,8354,18,3,0,2018,0
India,Goa,369568,146466,116826,89,2018,50
India,Gujarat,18572011,17927,7023,9,2018,0
India,Haryana,4402448,42647,40007,122,2018,0
India,Himachal Pradesh,5560349,1367108,1147923,1177,2018,177
India,Jammu and Kashmir,10566005,1073020,872419,673,2018,72
India,Jharkhand,8003988,556330,316745,491,2018,161
India,Karnataka,19137912,2276202,1881782,5075,2018,3537
India,Kerala,3770052,2598221,2276879,13380,2018,6273
India,Lakshadweep,3482,0,0,0,2018,0
India,Madhya Pradesh,30805387,1078084,866764,389,2018,269
India,Maharashtra,30733885,1073403,879200,221,2018,806
India,Manipur,2232073,1703677,1708038,33780,2018,14925
India,Meghalaya,2251620,1683888,1592783,19134,2018,14943
India,Mizoram,2125175,1931959,1810236,26285,2018,24750
India,NCT of Delhi,150220,263,122,2,2018,0
India,Nagaland,1659962,1310344,1316867,43967,2018,14666
India,Odisha,15563805,2680194,1916558,4321,2018,9792
India,Puducherry,54733,6911,5557,11,2018,10
India,Punjab,5022577,74700,69345,332,2018,8
India,Rajasthan,34190098,12039,4116,81,2018,0
India,Sikkim,708307,250451,253761,70,2018,62
India,Tamil Nadu,13028087,1230520,998607,5440,2018,2027
India,Telangana,11471211,663616,503343,353,2018,461
India,Tripura,1053626,669293,569718,1178,2018,7260
India,Uttar Pradesh,24075139,359975,369931,2433,2018,66
India,Uttarakhand,5380852,1948840,1731225,6052,2018,622
India,West Bengal,8536526,407919,331883,2044,2018,284
India,Andaman and Nicobar,761084,684402,679440,5845,2019,163
India,Andhra Pradesh,16004980,1105912,999013,2545,2019,1905
India,Arunachal Pradesh,8199543,6307313,6112509,47843,2019,9599
India,Assam,7849232,2750134,2565500,29870,2019,11315
India,Bihar,9423241,153842,205561,1020,2019,3
India,Chandigarh,11812,702,935,10,2019,0
India,Chhattisgarh,13543155,2663574,2284394,829,2019,2361
India,Dadra and Nagar Haveli,49152,457,259,0,2019,0
India,Daman and Diu,8354,18,3,0,2019,0
India,Goa,369568,146466,116826,89,2019,42
India,Gujarat,18572011,17927,7023,9,2019,0
India,Haryana,4402448,42647,40007,122,2019,7
India,Himachal Pradesh,5560349,1367108,1147923,1177,2019,162
India,Jammu and Kashmir,10566005,1073020,872419,673,2019,26
India,Jharkhand,8003988,556330,316745,491,2019,169
India,Karnataka,19137912,2276202,1881782,5075,2019,2412
India,Kerala,3770052,2598221,2276879,13380,2019,7418
India,Lakshadweep,3482,0,0,0,2019,0
India,Madhya Pradesh,30805387,1078084,866764,389,2019,87
India,Maharashtra,30733885,1073403,879200,221,2019,1027
India,Manipur,2232073,1703677,1708038,33780,2019,14276
India,Meghalaya,2251620,1683888,1592783,19134,2019,13401
India,Mizoram,2125175,1931959,1810236,26285,2019,23095
India,NCT of Delhi,150220,263,122,2,2019,0
India,Nagaland,1659962,1310344,1316867,43967,2019,11280
India,Odisha,15563805,2680194,1916558,4321,2019,7759
India,Puducherry,54733,6911,5557,11,2019,9
India,Punjab,5022577,74700,69345,332,2019,7
India,Rajasthan,34190098,12039,4116,81,2019,0
India,Sikkim,708307,250451,253761,70,2019,154
India,Tamil Nadu,13028087,1230520,998607,5440,2019,2064
India,Telangana,11471211,663616,503343,353,2019,700
India,Tripura,1053626,669293,569718,1178,2019,10569
India,Uttar Pradesh,24075139,359975,369931,2433,2019,11
India,Uttarakhand,5380852,1948840,1731225,6052,2019,788
India,West Bengal,8536526,407919,331883,2044,2019,345
India,Andaman and Nicobar,761084,684402,679440,5845,2020,965
India,Andhra Pradesh,16004980,1105912,999013,2545,2020,1403
India,Arunachal Pradesh,8199543,6307313,6112509,47843,2020,12672
India,Assam,7849232,2750134,2565500,29870,2020,18341
India,Bihar,9423241,153842,205561,1020,2020,15
India,Chandigarh,11812,702,935,10,2020,0
India,Chhattisgarh,13543155,2663574,2284394,829,2020,1187
India,Dadra and Nagar Haveli,49152,457,259,0,2020,0
India,Daman and Diu,8354,18,3,0,2020,0
India,Goa,369568,146466,116826,89,2020,59
India,Gujarat,18572011,17927,7023,9,2020,0
India,Haryana,4402448,42647,40007,122,2020,2
India,Himachal Pradesh,5560349,1367108,1147923,1177,2020,72
India,Jammu and Kashmir,10566005,1073020,872419,673,2020,41
India,Jharkhand,8003988,556330,316745,491,2020,199
India,Karnataka,19137912,2276202,1881782,5075,2020,2619
India,Kerala,3770052,2598221,2276879,13380,2020,6850
India,Lakshadweep,3482,0,0,0,2020,0
India,Madhya Pradesh,30805387,1078084,866764,389,2020,287
India,Maharashtra,30733885,1073403,879200,221,2020,676
India,Manipur,2232073,1703677,1708038,33780,2020,16025
India,Meghalaya,2251620,1683888,1592783,19134,2020,13710
India,Mizoram,2125175,1931959,1810236,26285,2020,24060
India,NCT of Delhi,150220,263,122,2,2020,0
India,Nagaland,1659962,1310344,1316867,43967,2020,15283
India,Odisha,15563805,2680194,1916558,4321,2020,8873
India,Puducherry,54733,6911,5557,11,2020,17
India,Punjab,5022577,74700,69345,332,2020,7
India,Rajasthan,34190098,12039,4116,81,2020,0
India,Sikkim,708307,250451,253761,70,2020,132
India,Tamil Nadu,13028087,1230520,998607,5440,2020,1291
India,Telangana,11471211,663616,503343,353,2020,272
India,Tripura,1053626,669293,569718,1178,2020,11376
India,Uttar Pradesh,24075139,359975,369931,2433,2020,6
India,Uttarakhand,5380852,1948840,1731225,6052,2020,992
India,West Bengal,8536526,407919,331883,2044,2020,282
